{"mean":{"confidence_interval":{"confidence_level":0.95,"lower_bound":12773420.690125,"upper_bound":12798749.026875},"point_estimate":12785008.025,"standard_error":6500.894876078045},"median":{"confidence_interval":{"confidence_level":0.95,"lower_bound":12755578.875,"upper_bound":12781624.25},"point_estimate":12764742.375,"standard_error":6588.255101840649},"median_abs_dev":{"confidence_interval":{"confidence_level":0.95,"lower_bound":18730.982742458582,"upper_bound":43499.11257773638},"point_estimate":30469.65335905552,"standard_error":6520.041815281923},"slope":null,"std_dev":{"confidence_interval":{"confidence_level":0.95,"lower_bound":34528.74127295877,"upper_bound":92938.36059831135},"point_estimate":65792.55425938498,"standard_error":15421.301985342365}}