{"mean":{"confidence_interval":{"confidence_level":0.95,"lower_bound":27648585.115,"upper_bound":27690150.27},"point_estimate":27667924.48,"standard_error":10648.071469066395},"median":{"confidence_interval":{"confidence_level":0.95,"lower_bound":27628530.0,"upper_bound":27658465.0},"point_estimate":27645863.25,"standard_error":7183.830350571706},"median_abs_dev":{"confidence_interval":{"confidence_level":0.95,"lower_bound":39824.488542973995,"upper_bound":70318.23415160179},"point_estimate":49071.83522880077,"standard_error":7912.8003095415115},"slope":null,"std_dev":{"confidence_interval":{"confidence_level":0.95,"lower_bound":71371.76963273757,"upper_bound":139606.74947188643},"point_estimate":106783.22743459333,"standard_error":17579.19457211353}}