{"mean":{"confidence_interval":{"confidence_level":0.95,"lower_bound":12895529.655000001,"upper_bound":12924175.419375},"point_estimate":12907862.3475,"standard_error":7397.804375779555},"median":{"confidence_interval":{"confidence_level":0.95,"lower_bound":12889424.0,"upper_bound":12896822.0},"point_estimate":12893424.5,"standard_error":2066.607059478924},"median_abs_dev":{"confidence_interval":{"confidence_level":0.95,"lower_bound":11055.006703734398,"upper_bound":18401.845548301935},"point_estimate":14828.594286739826,"standard_error":1873.7495694587471},"slope":null,"std_dev":{"confidence_interval":{"confidence_level":0.95,"lower_bound":27709.869779809775,"upper_bound":114228.73399985176},"point_estimate":74509.94650391504,"standard_error":23247.732216112214}}