{"mean":{"confidence_interval":{"confidence_level":0.95,"lower_bound":14460231.570249999,"upper_bound":14481040.390625},"point_estimate":14470324.9775,"standard_error":5308.382503102884},"median":{"confidence_interval":{"confidence_level":0.95,"lower_bound":14450668.75,"upper_bound":14474078.25},"point_estimate":14457901.25,"standard_error":5983.227982969921},"median_abs_dev":{"confidence_interval":{"confidence_level":0.95,"lower_bound":34514.74206224084,"upper_bound":57224.096509069204},"point_estimate":51222.34649062157,"standard_error":6004.684524821601},"slope":null,"std_dev":{"confidence_interval":{"confidence_level":0.95,"lower_bound":42061.98936193509,"upper_bound":63750.5531542039},"point_estimate":53314.36843767305,"standard_error":5549.013236272007}}