{"mean":{"confidence_interval":{"confidence_level":0.95,"lower_bound":12878811.8895625,"upper_bound":12918129.301624998},"point_estimate":12895865.135,"standard_error":10108.640429458674},"median":{"confidence_interval":{"confidence_level":0.95,"lower_bound":12866143.25,"upper_bound":12882209.625},"point_estimate":12872755.875,"standard_error":4488.557355548877},"median_abs_dev":{"confidence_interval":{"confidence_level":0.95,"lower_bound":19903.904646635056,"upper_bound":34618.70938539505},"point_estimate":25018.318580836058,"standard_error":3783.383043017992},"slope":null,"std_dev":{"confidence_interval":{"confidence_level":0.95,"lower_bound":42989.970381707804,"upper_bound":152838.8607875319},"point_estimate":101306.35329646313,"standard_error":29549.956170838424}}