{"mean":{"confidence_interval":{"confidence_level":0.95,"lower_bound":568107527.16,"upper_bound":573017263.0517501},"point_estimate":570522985.32,"standard_error":1252521.3465564842},"median":{"confidence_interval":{"confidence_level":0.95,"lower_bound":566201587.0,"upper_bound":572685038.0},"point_estimate":570535468.0,"standard_error":1597225.767489055},"median_abs_dev":{"confidence_interval":{"confidence_level":0.95,"lower_bound":8081579.809123278,"upper_bound":16621075.446116924},"point_estimate":11388351.516616344,"standard_error":2104706.1945561604},"slope":null,"std_dev":{"confidence_interval":{"confidence_level":0.95,"lower_bound":10619753.362639373,"upper_bound":14455682.553644162},"point_estimate":12663640.727460735,"standard_error":980297.3236671957}}