{"mean":{"confidence_interval":{"confidence_level":0.95,"lower_bound":12858282.247062499,"upper_bound":12909008.522312501},"point_estimate":12880245.705,"standard_error":13136.703419562615},"median":{"confidence_interval":{"confidence_level":0.95,"lower_bound":12853329.75,"upper_bound":12862822.5},"point_estimate":12856328.25,"standard_error":2838.75282569932},"median_abs_dev":{"confidence_interval":{"confidence_level":0.95,"lower_bound":15347.133627533913,"upper_bound":28749.466739594936},"point_estimate":21747.70303890109,"standard_error":3404.1666790588843},"slope":null,"std_dev":{"confidence_interval":{"confidence_level":0.95,"lower_bound":31371.934522144034,"upper_bound":198612.79430532383},"point_estimate":132053.7477219488,"standard_error":40592.06330642044}}