{"mean":{"confidence_interval":{"confidence_level":0.95,"lower_bound":7689417.492142858,"upper_bound":7832129.162214286},"point_estimate":7760005.884285714,"standard_error":36515.64024600486},"median":{"confidence_interval":{"confidence_level":0.95,"lower_bound":7647656.142857143,"upper_bound":7776626.642857143},"point_estimate":7727939.571428571,"standard_error":34720.896859039916},"median_abs_dev":{"confidence_interval":{"confidence_level":0.95,"lower_bound":242192.13080023037,"upper_bound":382242.68618383503},"point_estimate":323359.0784592292,"standard_error":35422.59451073104},"slope":null,"std_dev":{"confidence_interval":{"confidence_level":0.95,"lower_bound":306240.47018626565,"upper_bound":423039.7568252943},"point_estimate":367489.79926709516,"standard_error":29878.267594440444}}