{"mean":{"confidence_interval":{"confidence_level":0.95,"lower_bound":225894587.319,"upper_bound":227867360.93975},"point_estimate":226862699.05,"standard_error":505484.30286784057},"median":{"confidence_interval":{"confidence_level":0.95,"lower_bound":223478359.5,"upper_bound":227544821.0},"point_estimate":225838516.0,"standard_error":989005.6047305485},"median_abs_dev":{"confidence_interval":{"confidence_level":0.95,"lower_bound":2907510.7777688666,"upper_bound":7190658.798140287},"point_estimate":5576500.315797329,"standard_error":1114506.936317758},"slope":null,"std_dev":{"confidence_interval":{"confidence_level":0.95,"lower_bound":4455979.552272058,"upper_bound":5598200.68647605},"point_estimate":5087702.6690832265,"standard_error":290826.0962870711}}