{"mean":{"confidence_interval":{"confidence_level":0.95,"lower_bound":13732345.0868125,"upper_bound":13917558.3275},"point_estimate":13822432.145,"standard_error":47439.22153167867},"median":{"confidence_interval":{"confidence_level":0.95,"lower_bound":13572710.5,"upper_bound":13901347.75},"point_estimate":13716749.75,"standard_error":78884.62986996316},"median_abs_dev":{"confidence_interval":{"confidence_level":0.95,"lower_bound":320835.7462540269,"upper_bound":576451.2895609438},"point_estimate":450085.10545939207,"standard_error":63124.34283281778},"slope":null,"std_dev":{"confidence_interval":{"confidence_level":0.95,"lower_bound":393873.43484643917,"upper_bound":554977.5024261147},"point_estimate":475713.8968018452,"standard_error":41154.89095473106}}