{"mean":{"confidence_interval":{"confidence_level":0.95,"lower_bound":12817176.771187501,"upper_bound":12855604.2825625},"point_estimate":12834767.18,"standard_error":9831.441340006697},"median":{"confidence_interval":{"confidence_level":0.95,"lower_bound":12798471.75,"upper_bound":12818232.0},"point_estimate":12806072.0,"standard_error":4896.32213727948},"median_abs_dev":{"confidence_interval":{"confidence_level":0.95,"lower_bound":29276.531030237675,"upper_bound":51760.71560606356},"point_estimate":38632.2928391397,"standard_error":5928.74548742473},"slope":null,"std_dev":{"confidence_interval":{"confidence_level":0.95,"lower_bound":56538.47481425737,"upper_bound":133627.35255974927},"point_estimate":98383.09711975479,"standard_error":19746.432272256992}}